instr_id,instructor_name
E01,Priya Kumar
E02,Ajay Srivastava
E03,Shreya Singh
E04,Priya Gupta
E05,Mohit Joshi
E06,Neha Kumar
E07,Ravi Jain
E08,Shreya Kumar
E09,Swati Jain
E10,Swati Joshi
E11,Shreya Bose
E12,Mohit Mehta
E13,Arjun Garg
E14,Pooja Reddy
E15,Ajay Singh
E16,Gourav Reddy
E17,Priya Gupta
E18,Vikas Verma
E19,Anjali Khan
E20,Nisha Mehta
E21,Neha Bose
E22,Swati Verma
E23,Vikas Gupta
E24,Swati Patel
E25,Nisha Khan
E26,Mohit Jain
E27,Ravi Sharma
E28,Shreya Patel
E29,Ravi Srivastava
E30,Priya Chatterjee
E31,Ajay Bose
E32,Anjali Garg
E33,Anjali Khan
E34,Gourav Mehta
E35,Ravi Garg
E36,Swati Srivastava
E37,Kavita Bose
E38,Vikas Mehta
E39,Swati Srivastava
E40,Rahul Sharma
E41,Shreya Sharma
E42,Rahul Chatterjee
E43,Ajay Gupta
E44,Gourav Reddy
E45,Gourav Dutta
E46,Vikas Bose
E47,Manoj Mehta
E48,Manoj Srivastava
E49,Swati Mehta
E50,Mohit Joshi
E51,Mohit Chatterjee
E52,Anjali Srivastava
E53,Manoj Dutta
E54,Ravi Sharma
E55,Priya Singh
E56,Kavita Joshi
E57,Nisha Gupta
E58,Vikas Chatterjee
E59,Nisha Bose
E60,Amit Mehta
